{
  "nosbean": {
    "test": null,
    "dateEffetPresumee": "20201228",
    "departementTarification": "75",
    "resiliationCompagnie": "",
    "resiliationAutre": "",
    "codeCompagnieResiliation": null,
    "isAssureSouscripteur": "O",
    "assureBeanList": [
      {
        "idPersonneNOS": "1",
        "idPr": null,
        "idRattachementPersonneNOS": null,
        "categorieSociale": "TA-RG",
        "categorieSocialeMenu": "TA-RG",
        "categorieSocialeSousMenu": null,
        "dateDebutActivite": "20000101",
        "isEnActivite": "N",
        "dateNaissance": "19810120",
        "age": "39",
        "nom": "ACHOR",
        "prenom": "Stanley",
        "qualite": "M",
        "sexe": null,
        "profil": "A",
        "libelleProfil": "ADULTE",
        "rattachementOuCSP": "CSP",
        "codePostal": "75012",
        "commune": "Paris",
        "complementNumeroRue": "7",
        "numeroRue": "13",
        "typeVoie": "RUE",
        "voie": "Lasson",
        "numeroSS": "181017511201209",
        "regimeObligatoire": null,
        "codeProfessionLagon": "2330",
        "mapAttributRO": {
          "commune": "",
          "voie": "",
          "numeroRue": "",
          "dateNaissance": "",
          "codePostal": "",
          "prenom": "",
          "qualite": "",
          "numeroSS": "",
          "nom": "",
          "typeVoie": ""
        },
        "isAssurePrincipal": true,
        "affichageGarantiesBean": {
          "axeGarantieBeanList": [
            {
              "libelleDetailGarantieBeanList": [
                {
                  "libelleDetailGarantie": "ItemScort 0"
                },
                {
                  "libelleDetailGarantie": "ItemScort 1"
                }
              ],
              "detailGarantieBeanList": [
                {
                  "niveauRemboursementDetailAxeGarantieBeanList": [
                    {
                      "niveauRemboursement": "Budget0"
                    },
                    {
                      "niveauRemboursement": "Budget1"
                    }
                  ],
                  "codeNiveauRemboursement": "0"
                },
                {
                  "niveauRemboursementDetailAxeGarantieBeanList": [
                    {
                      "niveauRemboursement": "Indice:0 Seuils:0"
                    },
                    {
                      "niveauRemboursement": "Indice:1 Seuils:0"
                    }
                  ],
                  "codeNiveauRemboursement": "1"
                },
                {
                  "niveauRemboursementDetailAxeGarantieBeanList": [
                    {
                      "niveauRemboursement": "Indice:0 Seuils:1"
                    },
                    {
                      "niveauRemboursement": "Indice:1 Seuils:1"
                    }
                  ],
                  "codeNiveauRemboursement": "2"
                },
                {
                  "niveauRemboursementDetailAxeGarantieBeanList": [
                    {
                      "niveauRemboursement": "Indice:0 Seuils:2"
                    },
                    {
                      "niveauRemboursement": "Indice:1 Seuils:2"
                    }
                  ],
                  "codeNiveauRemboursement": "3"
                },
                {
                  "niveauRemboursementDetailAxeGarantieBeanList": [
                    {
                      "niveauRemboursement": "Indice:0 Seuils:3"
                    },
                    {
                      "niveauRemboursement": "Indice:1 Seuils:3"
                    }
                  ],
                  "codeNiveauRemboursement": "4"
                }
              ],
              "niveauRemboursementSelect": null,
              "libelleAxeGarantie": "Hospi/soins courants",
              "idAxeGarantie": "H"
            },
            {
              "libelleDetailGarantieBeanList": [
                {
                  "libelleDetailGarantie": "ItemScort 0"
                },
                {
                  "libelleDetailGarantie": "ItemScort 1"
                },
                {
                  "libelleDetailGarantie": "ItemScort 2"
                },
                {
                  "libelleDetailGarantie": "ItemScort 3"
                }
              ],
              "detailGarantieBeanList": [
                {
                  "niveauRemboursementDetailAxeGarantieBeanList": [
                    {
                      "niveauRemboursement": "Budget 0"
                    },
                    {
                      "niveauRemboursement": "Budget 1"
                    },
                    {
                      "niveauRemboursement": "Budget 2"
                    },
                    {
                      "niveauRemboursement": "Budget 3"
                    }
                  ],
                  "codeNiveauRemboursement": "0"
                },
                {
                  "niveauRemboursementDetailAxeGarantieBeanList": [
                    {
                      "niveauRemboursement": "Niveau:0 Seuils:0"
                    },
                    {
                      "niveauRemboursement": "Niveau:1 Seuils:0"
                    },
                    {
                      "niveauRemboursement": "Niveau:2 Seuils:0"
                    },
                    {
                      "niveauRemboursement": "Niveau:3 Seuils:0"
                    }
                  ],
                  "codeNiveauRemboursement": "1"
                },
                {
                  "niveauRemboursementDetailAxeGarantieBeanList": [
                    {
                      "niveauRemboursement": "Niveau:0 Seuils:1"
                    },
                    {
                      "niveauRemboursement": "Niveau:1 Seuils:1"
                    },
                    {
                      "niveauRemboursement": "Niveau:2 Seuils:1"
                    },
                    {
                      "niveauRemboursement": "Niveau:3 Seuils:1"
                    }
                  ],
                  "codeNiveauRemboursement": "2"
                },
                {
                  "niveauRemboursementDetailAxeGarantieBeanList": [
                    {
                      "niveauRemboursement": "Niveau:0 Seuils:2"
                    },
                    {
                      "niveauRemboursement": "Niveau:1 Seuils:2"
                    },
                    {
                      "niveauRemboursement": "Niveau:2 Seuils:2"
                    },
                    {
                      "niveauRemboursement": "Niveau:3 Seuils:2"
                    }
                  ],
                  "codeNiveauRemboursement": "3"
                },
                {
                  "niveauRemboursementDetailAxeGarantieBeanList": [
                    {
                      "niveauRemboursement": "Niveau:0 Seuils:3"
                    },
                    {
                      "niveauRemboursement": "Niveau:1 Seuils:3"
                    },
                    {
                      "niveauRemboursement": "Niveau:2 Seuils:3"
                    },
                    {
                      "niveauRemboursement": "Niveau:3 Seuils:3"
                    }
                  ],
                  "codeNiveauRemboursement": "4"
                }
              ],
              "niveauRemboursementSelect": null,
              "libelleAxeGarantie": "Optique / Auditif",
              "idAxeGarantie": "O"
            },
            {
              "libelleDetailGarantieBeanList": [
                {
                  "libelleDetailGarantie": "ItemScort 0"
                },
                {
                  "libelleDetailGarantie": "ItemScort 1"
                },
                {
                  "libelleDetailGarantie": "ItemScort 2"
                },
                {
                  "libelleDetailGarantie": "ItemScort 3"
                }
              ],
              "detailGarantieBeanList": [
                {
                  "niveauRemboursementDetailAxeGarantieBeanList": [
                    {
                      "niveauRemboursement": "Budget :0"
                    },
                    {
                      "niveauRemboursement": "Budget :1"
                    },
                    {
                      "niveauRemboursement": "Budget :2"
                    },
                    {
                      "niveauRemboursement": "Budget :3"
                    }
                  ],
                  "codeNiveauRemboursement": "0"
                },
                {
                  "niveauRemboursementDetailAxeGarantieBeanList": [
                    {
                      "niveauRemboursement": "Niveau:0 Seuil:0"
                    },
                    {
                      "niveauRemboursement": "Niveau:1 Seuil:0"
                    },
                    {
                      "niveauRemboursement": "Niveau:2 Seuil:0"
                    },
                    {
                      "niveauRemboursement": "Niveau:3 Seuil:0"
                    }
                  ],
                  "codeNiveauRemboursement": "1"
                },
                {
                  "niveauRemboursementDetailAxeGarantieBeanList": [
                    {
                      "niveauRemboursement": "Niveau:0 Seuil:1"
                    },
                    {
                      "niveauRemboursement": "Niveau:1 Seuil:1"
                    },
                    {
                      "niveauRemboursement": "Niveau:2 Seuil:1"
                    },
                    {
                      "niveauRemboursement": "Niveau:3 Seuil:1"
                    }
                  ],
                  "codeNiveauRemboursement": "2"
                },
                {
                  "niveauRemboursementDetailAxeGarantieBeanList": [
                    {
                      "niveauRemboursement": "Niveau:0 Seuil:2"
                    },
                    {
                      "niveauRemboursement": "Niveau:1 Seuil:2"
                    },
                    {
                      "niveauRemboursement": "Niveau:2 Seuil:2"
                    },
                    {
                      "niveauRemboursement": "Niveau:3 Seuil:2"
                    }
                  ],
                  "codeNiveauRemboursement": "3"
                },
                {
                  "niveauRemboursementDetailAxeGarantieBeanList": [
                    {
                      "niveauRemboursement": "Niveau:0 Seuil:3"
                    },
                    {
                      "niveauRemboursement": "Niveau:1 Seuil:3"
                    },
                    {
                      "niveauRemboursement": "Niveau:2 Seuil:3"
                    },
                    {
                      "niveauRemboursement": "Niveau:3 Seuil:3"
                    }
                  ],
                  "codeNiveauRemboursement": "4"
                }
              ],
              "niveauRemboursementSelect": null,
              "libelleAxeGarantie": "Dentaire",
              "idAxeGarantie": "D"
            }
          ],
          "libelleHospitalisationSeule": "Hospitalisation seule",
          "niveauAutoriseBeanList": [
            {
              "codeNiveau": "0",
              "libelleNiveau": "Budget"
            },
            {
              "codeNiveau": "1",
              "libelleNiveau": "Niveau 1"
            },
            {
              "codeNiveau": "2",
              "libelleNiveau": "Niveau 2"
            },
            {
              "codeNiveau": "3",
              "libelleNiveau": "Niveau 3"
            },
            {
              "codeNiveau": "4",
              "libelleNiveau": "Niveau 4"
            }
          ],
          "garantieHospitaliereBeanList": [
            {
              "codeGarantieHospitaliere": "OSGH2",
              "libelleGarantieHospitaliere": "GH"
            },
            {
              "codeGarantieHospitaliere": "OSGH4",
              "libelleGarantieHospitaliere": "GH"
            }
          ],
          "renfortGarantieBeanList": [
            {
              "libelleRenfortGarantie": "Renfort sérenité",
              "detailRenfortGarantieBeanList": [
                {
                  "detailRenfortGarantie": "ItemScort 0"
                },
                {
                  "detailRenfortGarantie": "ItemScort 1"
                },
                {
                  "detailRenfortGarantie": "ItemScort 2"
                }
              ],
              "topRenfort": null,
              "idRenfortGarantie": "S",
              "isTopRenfort": null
            },
            {
              "libelleRenfortGarantie": "Renfort confort",
              "detailRenfortGarantieBeanList": [
                {
                  "detailRenfortGarantie": "ItemScort 0"
                },
                {
                  "detailRenfortGarantie": "ItemScort 1"
                }
              ],
              "topRenfort": null,
              "idRenfortGarantie": "C",
              "isTopRenfort": null
            }
          ],
          "forfaitHospitaliasationBean": {
            "libelleFofaitHospi": "Forfait Hospi",
            "idForfaitHospi": "H",
            "codeProduit": null,
            "repriseDevis": false
          }
        },
        "soinAssureBean": {
          "tarifMensuelOffreBudget": 0.0,
          "tarifChoixClient": 0.0,
          "tarifChoixClientAnnuel": 0.0,
          "produitHospiBean": null,
          "produitGarantieHospiBean": null,
          "produitGarantieForfaitHospiBean": null,
          "forfaitHospitaliasationBean": null,
          "niveauHospiSoinsCourants": -99,
          "niveauOptiqueAuditif": -1,
          "niveauDentaire": -1,
          "renfortHospi": null,
          "renfortMedecinesDouces": null,
          "produitNOSBean": null,
          "renfortOptique": null,
          "renfortDentaire": null,
          "abrogationBean": null,
          "gammeBean": {
            "idGamme": "",
            "libelleGamme": ""
          },
          "forfaitHospit": null,
          "forfaitHospiSelected": null,
          "tauxAMC": null,
          "topGHSeuleSelected": null,
          "repriseDevisGH": false,
          "hospiSeule": false
        },
        "besoinAssureBean": {
          "niveauHospiSoinsCourants": 0,
          "niveauOptiqueAuditif": 0,
          "niveauDentaire": 0,
          "renfortHospi": null,
          "renfortMedecinesDouces": null,
          "gammeBean": null,
          "forfaitHospit": null
        },
        "clauseBeanList": null,
        "assurePrincipal": true,
        "sexeSouscription": "M",
        "prenomNom": "Stanley ACHOR",
        "dateNaissancePourMN": "1981-01-20",
        "dateDebutActiviteMN": "2000-01-01"
      },
      {
        "idPersonneNOS": "2",
        "idPr": null,
        "idRattachementPersonneNOS": "1",
        "categorieSociale": "",
        "categorieSocialeMenu": "",
        "categorieSocialeSousMenu": null,
        "dateDebutActivite": "",
        "isEnActivite": "N",
        "dateNaissance": "19820101",
        "age": "38",
        "nom": "ACHOR",
        "prenom": "Roxanne",
        "qualite": "MME",
        "sexe": "F",
        "profil": "A",
        "libelleProfil": "ADULTE",
        "rattachementOuCSP": "Ratt.",
        "codePostal": null,
        "commune": null,
        "complementNumeroRue": null,
        "numeroRue": null,
        "typeVoie": null,
        "voie": null,
        "numeroSS": null,
        "regimeObligatoire": null,
        "codeProfessionLagon": null,
        "mapAttributRO": {},
        "isAssurePrincipal": false,
        "affichageGarantiesBean": {
          "axeGarantieBeanList": null,
          "libelleHospitalisationSeule": null,
          "niveauAutoriseBeanList": null,
          "garantieHospitaliereBeanList": [
            {
              "codeGarantieHospitaliere": "OSGH2",
              "libelleGarantieHospitaliere": "GH"
            },
            {
              "codeGarantieHospitaliere": "OSGH4",
              "libelleGarantieHospitaliere": "GH"
            }
          ],
          "renfortGarantieBeanList": null,
          "forfaitHospitaliasationBean": null
        },
        "soinAssureBean": {
          "tarifMensuelOffreBudget": 0.0,
          "tarifChoixClient": 0.0,
          "tarifChoixClientAnnuel": 0.0,
          "produitHospiBean": null,
          "produitGarantieHospiBean": null,
          "produitGarantieForfaitHospiBean": null,
          "forfaitHospitaliasationBean": null,
          "niveauHospiSoinsCourants": -99,
          "niveauOptiqueAuditif": -1,
          "niveauDentaire": -1,
          "renfortHospi": null,
          "renfortMedecinesDouces": null,
          "produitNOSBean": null,
          "renfortOptique": null,
          "renfortDentaire": null,
          "abrogationBean": null,
          "gammeBean": null,
          "forfaitHospit": null,
          "forfaitHospiSelected": null,
          "tauxAMC": null,
          "topGHSeuleSelected": null,
          "repriseDevisGH": false,
          "hospiSeule": false
        },
        "besoinAssureBean": {
          "niveauHospiSoinsCourants": 0,
          "niveauOptiqueAuditif": 0,
          "niveauDentaire": 0,
          "renfortHospi": null,
          "renfortMedecinesDouces": null,
          "gammeBean": null,
          "forfaitHospit": null
        },
        "clauseBeanList": null,
        "assurePrincipal": false,
        "sexeSouscription": "F",
        "prenomNom": "Roxanne ACHOR",
        "dateNaissancePourMN": "1982-01-01",
        "dateDebutActiviteMN": ""
      },
      {
        "idPersonneNOS": "3",
        "idPr": null,
        "idRattachementPersonneNOS": "1",
        "categorieSociale": "",
        "categorieSocialeMenu": null,
        "categorieSocialeSousMenu": null,
        "dateDebutActivite": "",
        "isEnActivite": "N",
        "dateNaissance": "20100101",
        "age": "10",
        "nom": "ACHOR",
        "prenom": "Nolan",
        "qualite": "M",
        "sexe": "M",
        "profil": "E",
        "libelleProfil": "ENFANT",
        "rattachementOuCSP": "Ratt.",
        "codePostal": null,
        "commune": null,
        "complementNumeroRue": null,
        "numeroRue": null,
        "typeVoie": null,
        "voie": null,
        "numeroSS": null,
        "regimeObligatoire": null,
        "codeProfessionLagon": null,
        "mapAttributRO": {},
        "isAssurePrincipal": false,
        "affichageGarantiesBean": {
          "axeGarantieBeanList": null,
          "libelleHospitalisationSeule": null,
          "niveauAutoriseBeanList": null,
          "garantieHospitaliereBeanList": [
            {
              "codeGarantieHospitaliere": "OSGH2",
              "libelleGarantieHospitaliere": "GH"
            },
            {
              "codeGarantieHospitaliere": "OSGH4",
              "libelleGarantieHospitaliere": "GH"
            }
          ],
          "renfortGarantieBeanList": null,
          "forfaitHospitaliasationBean": null
        },
        "soinAssureBean": {
          "tarifMensuelOffreBudget": 0.0,
          "tarifChoixClient": 0.0,
          "tarifChoixClientAnnuel": 0.0,
          "produitHospiBean": null,
          "produitGarantieHospiBean": null,
          "produitGarantieForfaitHospiBean": null,
          "forfaitHospitaliasationBean": null,
          "niveauHospiSoinsCourants": -99,
          "niveauOptiqueAuditif": -1,
          "niveauDentaire": -1,
          "renfortHospi": null,
          "renfortMedecinesDouces": null,
          "produitNOSBean": null,
          "renfortOptique": null,
          "renfortDentaire": null,
          "abrogationBean": null,
          "gammeBean": null,
          "forfaitHospit": null,
          "forfaitHospiSelected": null,
          "tauxAMC": null,
          "topGHSeuleSelected": null,
          "repriseDevisGH": false,
          "hospiSeule": false
        },
        "besoinAssureBean": {
          "niveauHospiSoinsCourants": 0,
          "niveauOptiqueAuditif": 0,
          "niveauDentaire": 0,
          "renfortHospi": null,
          "renfortMedecinesDouces": null,
          "gammeBean": null,
          "forfaitHospit": null
        },
        "clauseBeanList": null,
        "assurePrincipal": false,
        "sexeSouscription": "M",
        "prenomNom": "Nolan ACHOR",
        "dateNaissancePourMN": "2010-01-01",
        "dateDebutActiviteMN": ""
      },
      {
        "idPersonneNOS": "4",
        "idPr": null,
        "idRattachementPersonneNOS": "1",
        "categorieSociale": "",
        "categorieSocialeMenu": null,
        "categorieSocialeSousMenu": null,
        "dateDebutActivite": "",
        "isEnActivite": "N",
        "dateNaissance": "20150101",
        "age": "5",
        "nom": "ACHOR",
        "prenom": "Kristin",
        "qualite": "MLLE",
        "sexe": "F",
        "profil": "E",
        "libelleProfil": "ENFANT",
        "rattachementOuCSP": "Ratt.",
        "codePostal": null,
        "commune": null,
        "complementNumeroRue": null,
        "numeroRue": null,
        "typeVoie": null,
        "voie": null,
        "numeroSS": null,
        "regimeObligatoire": null,
        "codeProfessionLagon": null,
        "mapAttributRO": {},
        "isAssurePrincipal": false,
        "affichageGarantiesBean": {
          "axeGarantieBeanList": null,
          "libelleHospitalisationSeule": null,
          "niveauAutoriseBeanList": null,
          "garantieHospitaliereBeanList": [
            {
              "codeGarantieHospitaliere": "OSGH2",
              "libelleGarantieHospitaliere": "GH"
            },
            {
              "codeGarantieHospitaliere": "OSGH4",
              "libelleGarantieHospitaliere": "GH"
            }
          ],
          "renfortGarantieBeanList": null,
          "forfaitHospitaliasationBean": null
        },
        "soinAssureBean": {
          "tarifMensuelOffreBudget": 0.0,
          "tarifChoixClient": 0.0,
          "tarifChoixClientAnnuel": 0.0,
          "produitHospiBean": null,
          "produitGarantieHospiBean": null,
          "produitGarantieForfaitHospiBean": null,
          "forfaitHospitaliasationBean": null,
          "niveauHospiSoinsCourants": -99,
          "niveauOptiqueAuditif": -1,
          "niveauDentaire": -1,
          "renfortHospi": null,
          "renfortMedecinesDouces": null,
          "produitNOSBean": null,
          "renfortOptique": null,
          "renfortDentaire": null,
          "abrogationBean": null,
          "gammeBean": null,
          "forfaitHospit": null,
          "forfaitHospiSelected": null,
          "tauxAMC": null,
          "topGHSeuleSelected": null,
          "repriseDevisGH": false,
          "hospiSeule": false
        },
        "besoinAssureBean": {
          "niveauHospiSoinsCourants": 0,
          "niveauOptiqueAuditif": 0,
          "niveauDentaire": 0,
          "renfortHospi": null,
          "renfortMedecinesDouces": null,
          "gammeBean": null,
          "forfaitHospit": null
        },
        "clauseBeanList": null,
        "assurePrincipal": false,
        "sexeSouscription": "F",
        "prenomNom": "Kristin ACHOR",
        "dateNaissancePourMN": "2015-01-01",
        "dateDebutActiviteMN": ""
      },
      {
        "idPersonneNOS": "5",
        "idPr": null,
        "idRattachementPersonneNOS": "1",
        "categorieSociale": "",
        "categorieSocialeMenu": null,
        "categorieSocialeSousMenu": null,
        "dateDebutActivite": "",
        "isEnActivite": "N",
        "dateNaissance": "20180101",
        "age": "2",
        "nom": "ACHOR",
        "prenom": "Stefan",
        "qualite": "M",
        "sexe": "M",
        "profil": "E",
        "libelleProfil": "ENFANT",
        "rattachementOuCSP": "Ratt.",
        "codePostal": null,
        "commune": null,
        "complementNumeroRue": null,
        "numeroRue": null,
        "typeVoie": null,
        "voie": null,
        "numeroSS": null,
        "regimeObligatoire": null,
        "codeProfessionLagon": null,
        "mapAttributRO": {},
        "isAssurePrincipal": false,
        "affichageGarantiesBean": {
          "axeGarantieBeanList": null,
          "libelleHospitalisationSeule": null,
          "niveauAutoriseBeanList": null,
          "garantieHospitaliereBeanList": [
            {
              "codeGarantieHospitaliere": "OSGH2",
              "libelleGarantieHospitaliere": "GH"
            },
            {
              "codeGarantieHospitaliere": "OSGH4",
              "libelleGarantieHospitaliere": "GH"
            }
          ],
          "renfortGarantieBeanList": null,
          "forfaitHospitaliasationBean": null
        },
        "soinAssureBean": {
          "tarifMensuelOffreBudget": 0.0,
          "tarifChoixClient": 0.0,
          "tarifChoixClientAnnuel": 0.0,
          "produitHospiBean": null,
          "produitGarantieHospiBean": null,
          "produitGarantieForfaitHospiBean": null,
          "forfaitHospitaliasationBean": null,
          "niveauHospiSoinsCourants": -99,
          "niveauOptiqueAuditif": -1,
          "niveauDentaire": -1,
          "renfortHospi": null,
          "renfortMedecinesDouces": null,
          "produitNOSBean": null,
          "renfortOptique": null,
          "renfortDentaire": null,
          "abrogationBean": null,
          "gammeBean": null,
          "forfaitHospit": null,
          "forfaitHospiSelected": null,
          "tauxAMC": null,
          "topGHSeuleSelected": null,
          "repriseDevisGH": false,
          "hospiSeule": false
        },
        "besoinAssureBean": {
          "niveauHospiSoinsCourants": 0,
          "niveauOptiqueAuditif": 0,
          "niveauDentaire": 0,
          "renfortHospi": null,
          "renfortMedecinesDouces": null,
          "gammeBean": null,
          "forfaitHospit": null
        },
        "clauseBeanList": null,
        "assurePrincipal": false,
        "sexeSouscription": "M",
        "prenomNom": "Stefan ACHOR",
        "dateNaissancePourMN": "2018-01-01",
        "dateDebutActiviteMN": ""
      }
    ],
    "nonAssureBeanList": [],
    "souscripteurBean": {
      "idPersonneNOS": "1",
      "idPr": null,
      "idRattachementPersonneNOS": null,
      "categorieSociale": "TA-RG",
      "categorieSocialeMenu": "TA-RG",
      "categorieSocialeSousMenu": null,
      "dateDebutActivite": "20000101",
      "isEnActivite": "N",
      "dateNaissance": "19810120",
      "age": "39",
      "nom": "ACHOR",
      "prenom": "Stanley",
      "qualite": "M",
      "sexe": null,
      "profil": null,
      "libelleProfil": null,
      "rattachementOuCSP": "CSP",
      "codePostal": "75012",
      "commune": "Paris",
      "complementNumeroRue": "7",
      "numeroRue": "13",
      "typeVoie": "RUE",
      "voie": "Lasson",
      "numeroSS": "181017511201209",
      "regimeObligatoire": null,
      "codeProfessionLagon": "2330",
      "mapAttributRO": {
        "commune": "",
        "voie": "",
        "numeroRue": "",
        "dateNaissance": "",
        "codePostal": "",
        "prenom": "",
        "qualite": "",
        "numeroSS": "",
        "nom": "",
        "typeVoie": ""
      },
      "isPersonneMorale": false,
      "nomPersonneMorale": null,
      "personneMorale": false,
      "prenomNom": "Stanley ACHOR",
      "sexeSouscription": "M",
      "dateNaissancePourMN": "1981-01-20",
      "dateDebutActiviteMN": "2000-01-01"
    },
    "resultatsOffreBean": {
      "prelevementBean": {
        "prelevementAuto": null,
        "codeFractionnement": "M",
        "dateprelevement": null
      },
      "optionAideAcquisition": "N",
      "optionAdhesionADPS": "N",
      "topOptionAdhesionADPSControle": false,
      "optionSansDroitAdhesion": "N",
      "optionMadelin": null,
      "cotisationTotaleFractionnee": 0.0,
      "cotisationAdps": 0.0,
      "cotisationTotaleAnnuelle": 0.0,
      "libelleReduction": null,
      "tarifRenforts": null,
      "tarifBudget": 0.0,
      "reductionFamille": 0,
      "libelleReductionFamille": null,
      "statistiquesOffreBean": {
        "budgetCommercialSoinBeanList": [],
        "operationCommercialeBeanList": [
          {
            "libelleOperationCommerciale": null,
            "codeOperationCommerciale": null,
            "messageInfo": null,
            "topReccur": null
          },
          {
            "libelleOperationCommerciale": null,
            "codeOperationCommerciale": null,
            "messageInfo": null,
            "topReccur": null
          },
          {
            "libelleOperationCommerciale": null,
            "codeOperationCommerciale": null,
            "messageInfo": null,
            "topReccur": null
          },
          {
            "libelleOperationCommerciale": null,
            "codeOperationCommerciale": null,
            "messageInfo": null,
            "topReccur": null
          },
          {
            "libelleOperationCommerciale": null,
            "codeOperationCommerciale": null,
            "messageInfo": null,
            "topReccur": null
          },
          {
            "libelleOperationCommerciale": null,
            "codeOperationCommerciale": null,
            "messageInfo": null,
            "topReccur": null
          },
          {
            "libelleOperationCommerciale": null,
            "codeOperationCommerciale": null,
            "messageInfo": null,
            "topReccur": null
          },
          {
            "libelleOperationCommerciale": null,
            "codeOperationCommerciale": null,
            "messageInfo": null,
            "topReccur": null
          },
          {
            "libelleOperationCommerciale": null,
            "codeOperationCommerciale": null,
            "messageInfo": null,
            "topReccur": null
          },
          {
            "libelleOperationCommerciale": null,
            "codeOperationCommerciale": null,
            "messageInfo": null,
            "topReccur": null
          }
        ],
        "opCom": {
          "libelleOperationCommerciale": null,
          "codeOperationCommerciale": null,
          "messageInfo": null,
          "topReccur": null
        },
        "opSelectionnee": null,
        "opSelectionneeAvant": null,
        "budgetTotalConsomme": 0.0,
        "consommeBGA": 0.0,
        "disponibleBGA": 0.0
      },
      "aideAcquisitionNonDispo": true,
      "topBudgetForce": null,
      "topCompteBudget": null,
      "codeBudgetNonDisponible": null
    },
    "finalisationOffreBean": {
      "intitule": null,
      "pointDeVente": "1",
      "chargeClientele": "CC2",
      "optionLettreAccompagnement": "O",
      "optionEtudePerso": "O",
      "optionBaremesPresta": "O",
      "autresBesoins": null,
      "garantiesConseillees": null,
      "besoinsExprimes": null,
      "finalisationCourtageOffreBean": {
        "villeNaissance": null,
        "departementNaissance": null,
        "situationFamille": null,
        "telPrive": null,
        "telPro": null,
        "telFax": null,
        "emailClient": null
      }
    },
    "propositionBean": {
      "acompte": 0,
      "quittanceConfiee": null,
      "crg": "167",
      "ribPrelevement": null,
      "ribPrestation": null,
      "abrogationBeanList": null,
      "dateClotureBilan": null,
      "topTelegestion": "D",
      "refProposition": null
    },
    "visaBean": {
      "statut": "ETAT_FORMULAIRE_READ_WRITE",
      "description": null
    },
    "gammeBeanSelect": {
      "idGamme": "",
      "libelleGamme": ""
    },
    "familleProduit": null,
    "topOuverturePanel1": false,
    "cotisationMadelinElligible": null,
    "cotisationMadelinNonElligible": null,
    "dateCreationAncienDevis": null,
    "topControleACDC": true,
    "mapAttributRO": {},
    "indexAssurePrincipal": 0,
    "nbAssure": 5,
    "nbNonAssure": 0,
    "assureBeanPrincipal": {
      "idPersonneNOS": "1",
      "idPr": null,
      "idRattachementPersonneNOS": null,
      "categorieSociale": "TA-RG",
      "categorieSocialeMenu": "TA-RG",
      "categorieSocialeSousMenu": null,
      "dateDebutActivite": "20000101",
      "isEnActivite": "N",
      "dateNaissance": "19810120",
      "age": "39",
      "nom": "ACHOR",
      "prenom": "Stanley",
      "qualite": "M",
      "sexe": null,
      "profil": "A",
      "libelleProfil": "ADULTE",
      "rattachementOuCSP": "CSP",
      "codePostal": "75012",
      "commune": "Paris",
      "complementNumeroRue": "7",
      "numeroRue": "13",
      "typeVoie": "RUE",
      "voie": "Lasson",
      "numeroSS": "181017511201209",
      "regimeObligatoire": null,
      "codeProfessionLagon": "2330",
      "mapAttributRO": {
        "commune": "",
        "voie": "",
        "numeroRue": "",
        "dateNaissance": "",
        "codePostal": "",
        "prenom": "",
        "qualite": "",
        "numeroSS": "",
        "nom": "",
        "typeVoie": ""
      },
      "isAssurePrincipal": true,
      "affichageGarantiesBean": {
        "axeGarantieBeanList": [
          {
            "libelleDetailGarantieBeanList": [
              {
                "libelleDetailGarantie": "ItemScort 0"
              },
              {
                "libelleDetailGarantie": "ItemScort 1"
              }
            ],
            "detailGarantieBeanList": [
              {
                "niveauRemboursementDetailAxeGarantieBeanList": [
                  {
                    "niveauRemboursement": "Budget0"
                  },
                  {
                    "niveauRemboursement": "Budget1"
                  }
                ],
                "codeNiveauRemboursement": "0"
              },
              {
                "niveauRemboursementDetailAxeGarantieBeanList": [
                  {
                    "niveauRemboursement": "Indice:0 Seuils:0"
                  },
                  {
                    "niveauRemboursement": "Indice:1 Seuils:0"
                  }
                ],
                "codeNiveauRemboursement": "1"
              },
              {
                "niveauRemboursementDetailAxeGarantieBeanList": [
                  {
                    "niveauRemboursement": "Indice:0 Seuils:1"
                  },
                  {
                    "niveauRemboursement": "Indice:1 Seuils:1"
                  }
                ],
                "codeNiveauRemboursement": "2"
              },
              {
                "niveauRemboursementDetailAxeGarantieBeanList": [
                  {
                    "niveauRemboursement": "Indice:0 Seuils:2"
                  },
                  {
                    "niveauRemboursement": "Indice:1 Seuils:2"
                  }
                ],
                "codeNiveauRemboursement": "3"
              },
              {
                "niveauRemboursementDetailAxeGarantieBeanList": [
                  {
                    "niveauRemboursement": "Indice:0 Seuils:3"
                  },
                  {
                    "niveauRemboursement": "Indice:1 Seuils:3"
                  }
                ],
                "codeNiveauRemboursement": "4"
              }
            ],
            "niveauRemboursementSelect": null,
            "libelleAxeGarantie": "Hospi/soins courants",
            "idAxeGarantie": "H"
          },
          {
            "libelleDetailGarantieBeanList": [
              {
                "libelleDetailGarantie": "ItemScort 0"
              },
              {
                "libelleDetailGarantie": "ItemScort 1"
              },
              {
                "libelleDetailGarantie": "ItemScort 2"
              },
              {
                "libelleDetailGarantie": "ItemScort 3"
              }
            ],
            "detailGarantieBeanList": [
              {
                "niveauRemboursementDetailAxeGarantieBeanList": [
                  {
                    "niveauRemboursement": "Budget 0"
                  },
                  {
                    "niveauRemboursement": "Budget 1"
                  },
                  {
                    "niveauRemboursement": "Budget 2"
                  },
                  {
                    "niveauRemboursement": "Budget 3"
                  }
                ],
                "codeNiveauRemboursement": "0"
              },
              {
                "niveauRemboursementDetailAxeGarantieBeanList": [
                  {
                    "niveauRemboursement": "Niveau:0 Seuils:0"
                  },
                  {
                    "niveauRemboursement": "Niveau:1 Seuils:0"
                  },
                  {
                    "niveauRemboursement": "Niveau:2 Seuils:0"
                  },
                  {
                    "niveauRemboursement": "Niveau:3 Seuils:0"
                  }
                ],
                "codeNiveauRemboursement": "1"
              },
              {
                "niveauRemboursementDetailAxeGarantieBeanList": [
                  {
                    "niveauRemboursement": "Niveau:0 Seuils:1"
                  },
                  {
                    "niveauRemboursement": "Niveau:1 Seuils:1"
                  },
                  {
                    "niveauRemboursement": "Niveau:2 Seuils:1"
                  },
                  {
                    "niveauRemboursement": "Niveau:3 Seuils:1"
                  }
                ],
                "codeNiveauRemboursement": "2"
              },
              {
                "niveauRemboursementDetailAxeGarantieBeanList": [
                  {
                    "niveauRemboursement": "Niveau:0 Seuils:2"
                  },
                  {
                    "niveauRemboursement": "Niveau:1 Seuils:2"
                  },
                  {
                    "niveauRemboursement": "Niveau:2 Seuils:2"
                  },
                  {
                    "niveauRemboursement": "Niveau:3 Seuils:2"
                  }
                ],
                "codeNiveauRemboursement": "3"
              },
              {
                "niveauRemboursementDetailAxeGarantieBeanList": [
                  {
                    "niveauRemboursement": "Niveau:0 Seuils:3"
                  },
                  {
                    "niveauRemboursement": "Niveau:1 Seuils:3"
                  },
                  {
                    "niveauRemboursement": "Niveau:2 Seuils:3"
                  },
                  {
                    "niveauRemboursement": "Niveau:3 Seuils:3"
                  }
                ],
                "codeNiveauRemboursement": "4"
              }
            ],
            "niveauRemboursementSelect": null,
            "libelleAxeGarantie": "Optique / Auditif",
            "idAxeGarantie": "O"
          },
          {
            "libelleDetailGarantieBeanList": [
              {
                "libelleDetailGarantie": "ItemScort 0"
              },
              {
                "libelleDetailGarantie": "ItemScort 1"
              },
              {
                "libelleDetailGarantie": "ItemScort 2"
              },
              {
                "libelleDetailGarantie": "ItemScort 3"
              }
            ],
            "detailGarantieBeanList": [
              {
                "niveauRemboursementDetailAxeGarantieBeanList": [
                  {
                    "niveauRemboursement": "Budget :0"
                  },
                  {
                    "niveauRemboursement": "Budget :1"
                  },
                  {
                    "niveauRemboursement": "Budget :2"
                  },
                  {
                    "niveauRemboursement": "Budget :3"
                  }
                ],
                "codeNiveauRemboursement": "0"
              },
              {
                "niveauRemboursementDetailAxeGarantieBeanList": [
                  {
                    "niveauRemboursement": "Niveau:0 Seuil:0"
                  },
                  {
                    "niveauRemboursement": "Niveau:1 Seuil:0"
                  },
                  {
                    "niveauRemboursement": "Niveau:2 Seuil:0"
                  },
                  {
                    "niveauRemboursement": "Niveau:3 Seuil:0"
                  }
                ],
                "codeNiveauRemboursement": "1"
              },
              {
                "niveauRemboursementDetailAxeGarantieBeanList": [
                  {
                    "niveauRemboursement": "Niveau:0 Seuil:1"
                  },
                  {
                    "niveauRemboursement": "Niveau:1 Seuil:1"
                  },
                  {
                    "niveauRemboursement": "Niveau:2 Seuil:1"
                  },
                  {
                    "niveauRemboursement": "Niveau:3 Seuil:1"
                  }
                ],
                "codeNiveauRemboursement": "2"
              },
              {
                "niveauRemboursementDetailAxeGarantieBeanList": [
                  {
                    "niveauRemboursement": "Niveau:0 Seuil:2"
                  },
                  {
                    "niveauRemboursement": "Niveau:1 Seuil:2"
                  },
                  {
                    "niveauRemboursement": "Niveau:2 Seuil:2"
                  },
                  {
                    "niveauRemboursement": "Niveau:3 Seuil:2"
                  }
                ],
                "codeNiveauRemboursement": "3"
              },
              {
                "niveauRemboursementDetailAxeGarantieBeanList": [
                  {
                    "niveauRemboursement": "Niveau:0 Seuil:3"
                  },
                  {
                    "niveauRemboursement": "Niveau:1 Seuil:3"
                  },
                  {
                    "niveauRemboursement": "Niveau:2 Seuil:3"
                  },
                  {
                    "niveauRemboursement": "Niveau:3 Seuil:3"
                  }
                ],
                "codeNiveauRemboursement": "4"
              }
            ],
            "niveauRemboursementSelect": null,
            "libelleAxeGarantie": "Dentaire",
            "idAxeGarantie": "D"
          }
        ],
        "libelleHospitalisationSeule": "Hospitalisation seule",
        "niveauAutoriseBeanList": [
          {
            "codeNiveau": "0",
            "libelleNiveau": "Budget"
          },
          {
            "codeNiveau": "1",
            "libelleNiveau": "Niveau 1"
          },
          {
            "codeNiveau": "2",
            "libelleNiveau": "Niveau 2"
          },
          {
            "codeNiveau": "3",
            "libelleNiveau": "Niveau 3"
          },
          {
            "codeNiveau": "4",
            "libelleNiveau": "Niveau 4"
          }
        ],
        "garantieHospitaliereBeanList": [
          {
            "codeGarantieHospitaliere": "OSGH2",
            "libelleGarantieHospitaliere": "GH"
          },
          {
            "codeGarantieHospitaliere": "OSGH4",
            "libelleGarantieHospitaliere": "GH"
          }
        ],
        "renfortGarantieBeanList": [
          {
            "libelleRenfortGarantie": "Renfort sérenité",
            "detailRenfortGarantieBeanList": [
              {
                "detailRenfortGarantie": "ItemScort 0"
              },
              {
                "detailRenfortGarantie": "ItemScort 1"
              },
              {
                "detailRenfortGarantie": "ItemScort 2"
              }
            ],
            "topRenfort": null,
            "idRenfortGarantie": "S",
            "isTopRenfort": null
          },
          {
            "libelleRenfortGarantie": "Renfort confort",
            "detailRenfortGarantieBeanList": [
              {
                "detailRenfortGarantie": "ItemScort 0"
              },
              {
                "detailRenfortGarantie": "ItemScort 1"
              }
            ],
            "topRenfort": null,
            "idRenfortGarantie": "C",
            "isTopRenfort": null
          }
        ],
        "forfaitHospitaliasationBean": {
          "libelleFofaitHospi": "Forfait Hospi",
          "idForfaitHospi": "H",
          "codeProduit": null,
          "repriseDevis": false
        }
      },
      "soinAssureBean": {
        "tarifMensuelOffreBudget": 0.0,
        "tarifChoixClient": 0.0,
        "tarifChoixClientAnnuel": 0.0,
        "produitHospiBean": null,
        "produitGarantieHospiBean": null,
        "produitGarantieForfaitHospiBean": null,
        "forfaitHospitaliasationBean": null,
        "niveauHospiSoinsCourants": -99,
        "niveauOptiqueAuditif": -1,
        "niveauDentaire": -1,
        "renfortHospi": null,
        "renfortMedecinesDouces": null,
        "produitNOSBean": null,
        "renfortOptique": null,
        "renfortDentaire": null,
        "abrogationBean": null,
        "gammeBean": {
          "idGamme": "",
          "libelleGamme": ""
        },
        "forfaitHospit": null,
        "forfaitHospiSelected": null,
        "tauxAMC": null,
        "topGHSeuleSelected": null,
        "repriseDevisGH": false,
        "hospiSeule": false
      },
      "besoinAssureBean": {
        "niveauHospiSoinsCourants": 0,
        "niveauOptiqueAuditif": 0,
        "niveauDentaire": 0,
        "renfortHospi": null,
        "renfortMedecinesDouces": null,
        "gammeBean": null,
        "forfaitHospit": null
      },
      "clauseBeanList": null,
      "assurePrincipal": true,
      "sexeSouscription": "M",
      "prenomNom": "Stanley ACHOR",
      "dateNaissancePourMN": "1981-01-20",
      "dateDebutActiviteMN": "2000-01-01"
    }
  },
  "calculer-tarif-1": {"idPersonneNOS":"1","idPr":null,"idRattachementPersonneNOS":null,"categorieSociale":"TA-RG","categorieSocialeMenu":"TA-RG","categorieSocialeSousMenu":null,"dateDebutActivite":"20000101","isEnActivite":"N","dateNaissance":"19810120","age":"39","nom":"ACHOR","prenom":"Stanley","qualite":"M","sexe":null,"profil":"A","libelleProfil":"ADULTE","rattachementOuCSP":"CSP","codePostal":"75012","commune":"Paris","complementNumeroRue":"7","numeroRue":"13","typeVoie":"RUE","voie":"Lasson","numeroSS":"181017511201209","regimeObligatoire":null,"codeProfessionLagon":"2330","mapAttributRO":{"commune":"","voie":"","numeroRue":"","dateNaissance":"","codePostal":"","prenom":"","qualite":"","nom":"","numeroSS":"","typeVoie":""},"isAssurePrincipal":true,"affichageGarantiesBean":{"axeGarantieBeanList":[{"libelleDetailGarantieBeanList":[{"libelleDetailGarantie":"ItemScort 0"},{"libelleDetailGarantie":"ItemScort 1"}],"detailGarantieBeanList":[{"niveauRemboursementDetailAxeGarantieBeanList":[{"niveauRemboursement":"Budget0"},{"niveauRemboursement":"Budget1"}],"codeNiveauRemboursement":"0"},{"niveauRemboursementDetailAxeGarantieBeanList":[{"niveauRemboursement":"Indice:0 Seuils:0"},{"niveauRemboursement":"Indice:1 Seuils:0"}],"codeNiveauRemboursement":"1"},{"niveauRemboursementDetailAxeGarantieBeanList":[{"niveauRemboursement":"Indice:0 Seuils:1"},{"niveauRemboursement":"Indice:1 Seuils:1"}],"codeNiveauRemboursement":"2"},{"niveauRemboursementDetailAxeGarantieBeanList":[{"niveauRemboursement":"Indice:0 Seuils:2"},{"niveauRemboursement":"Indice:1 Seuils:2"}],"codeNiveauRemboursement":"3"},{"niveauRemboursementDetailAxeGarantieBeanList":[{"niveauRemboursement":"Indice:0 Seuils:3"},{"niveauRemboursement":"Indice:1 Seuils:3"}],"codeNiveauRemboursement":"4"}],"niveauRemboursementSelect":null,"libelleAxeGarantie":"Hospi/soins courants","idAxeGarantie":"H"},{"libelleDetailGarantieBeanList":[{"libelleDetailGarantie":"ItemScort 0"},{"libelleDetailGarantie":"ItemScort 1"},{"libelleDetailGarantie":"ItemScort 2"},{"libelleDetailGarantie":"ItemScort 3"}],"detailGarantieBeanList":[{"niveauRemboursementDetailAxeGarantieBeanList":[{"niveauRemboursement":"Budget 0"},{"niveauRemboursement":"Budget 1"},{"niveauRemboursement":"Budget 2"},{"niveauRemboursement":"Budget 3"}],"codeNiveauRemboursement":"0"},{"niveauRemboursementDetailAxeGarantieBeanList":[{"niveauRemboursement":"Niveau:0 Seuils:0"},{"niveauRemboursement":"Niveau:1 Seuils:0"},{"niveauRemboursement":"Niveau:2 Seuils:0"},{"niveauRemboursement":"Niveau:3 Seuils:0"}],"codeNiveauRemboursement":"1"},{"niveauRemboursementDetailAxeGarantieBeanList":[{"niveauRemboursement":"Niveau:0 Seuils:1"},{"niveauRemboursement":"Niveau:1 Seuils:1"},{"niveauRemboursement":"Niveau:2 Seuils:1"},{"niveauRemboursement":"Niveau:3 Seuils:1"}],"codeNiveauRemboursement":"2"},{"niveauRemboursementDetailAxeGarantieBeanList":[{"niveauRemboursement":"Niveau:0 Seuils:2"},{"niveauRemboursement":"Niveau:1 Seuils:2"},{"niveauRemboursement":"Niveau:2 Seuils:2"},{"niveauRemboursement":"Niveau:3 Seuils:2"}],"codeNiveauRemboursement":"3"},{"niveauRemboursementDetailAxeGarantieBeanList":[{"niveauRemboursement":"Niveau:0 Seuils:3"},{"niveauRemboursement":"Niveau:1 Seuils:3"},{"niveauRemboursement":"Niveau:2 Seuils:3"},{"niveauRemboursement":"Niveau:3 Seuils:3"}],"codeNiveauRemboursement":"4"}],"niveauRemboursementSelect":null,"libelleAxeGarantie":"Optique / Auditif","idAxeGarantie":"O"},{"libelleDetailGarantieBeanList":[{"libelleDetailGarantie":"ItemScort 0"},{"libelleDetailGarantie":"ItemScort 1"},{"libelleDetailGarantie":"ItemScort 2"},{"libelleDetailGarantie":"ItemScort 3"}],"detailGarantieBeanList":[{"niveauRemboursementDetailAxeGarantieBeanList":[{"niveauRemboursement":"Budget :0"},{"niveauRemboursement":"Budget :1"},{"niveauRemboursement":"Budget :2"},{"niveauRemboursement":"Budget :3"}],"codeNiveauRemboursement":"0"},{"niveauRemboursementDetailAxeGarantieBeanList":[{"niveauRemboursement":"Niveau:0 Seuil:0"},{"niveauRemboursement":"Niveau:1 Seuil:0"},{"niveauRemboursement":"Niveau:2 Seuil:0"},{"niveauRemboursement":"Niveau:3 Seuil:0"}],"codeNiveauRemboursement":"1"},{"niveauRemboursementDetailAxeGarantieBeanList":[{"niveauRemboursement":"Niveau:0 Seuil:1"},{"niveauRemboursement":"Niveau:1 Seuil:1"},{"niveauRemboursement":"Niveau:2 Seuil:1"},{"niveauRemboursement":"Niveau:3 Seuil:1"}],"codeNiveauRemboursement":"2"},{"niveauRemboursementDetailAxeGarantieBeanList":[{"niveauRemboursement":"Niveau:0 Seuil:2"},{"niveauRemboursement":"Niveau:1 Seuil:2"},{"niveauRemboursement":"Niveau:2 Seuil:2"},{"niveauRemboursement":"Niveau:3 Seuil:2"}],"codeNiveauRemboursement":"3"},{"niveauRemboursementDetailAxeGarantieBeanList":[{"niveauRemboursement":"Niveau:0 Seuil:3"},{"niveauRemboursement":"Niveau:1 Seuil:3"},{"niveauRemboursement":"Niveau:2 Seuil:3"},{"niveauRemboursement":"Niveau:3 Seuil:3"}],"codeNiveauRemboursement":"4"}],"niveauRemboursementSelect":null,"libelleAxeGarantie":"Dentaire","idAxeGarantie":"D"}],"libelleHospitalisationSeule":"Hospitalisation seule","niveauAutoriseBeanList":[{"codeNiveau":"0","libelleNiveau":"Budget"},{"codeNiveau":"1","libelleNiveau":"Niveau 1"},{"codeNiveau":"2","libelleNiveau":"Niveau 2"},{"codeNiveau":"3","libelleNiveau":"Niveau 3"},{"codeNiveau":"4","libelleNiveau":"Niveau 4"}],"garantieHospitaliereBeanList":[{"codeGarantieHospitaliere":"OSGH2","libelleGarantieHospitaliere":"GH"},{"codeGarantieHospitaliere":"OSGH4","libelleGarantieHospitaliere":"GH"}],"renfortGarantieBeanList":[{"libelleRenfortGarantie":"Renfort sérenité","detailRenfortGarantieBeanList":[{"detailRenfortGarantie":"ItemScort 0"},{"detailRenfortGarantie":"ItemScort 1"},{"detailRenfortGarantie":"ItemScort 2"}],"topRenfort":null,"idRenfortGarantie":"S","isTopRenfort":null},{"libelleRenfortGarantie":"Renfort confort","detailRenfortGarantieBeanList":[{"detailRenfortGarantie":"ItemScort 0"},{"detailRenfortGarantie":"ItemScort 1"}],"topRenfort":null,"idRenfortGarantie":"C","isTopRenfort":null}],"forfaitHospitaliasationBean":{"libelleFofaitHospi":"Forfait Hospi","idForfaitHospi":"H","codeProduit":null,"repriseDevis":false}},"soinAssureBean":{"tarifMensuelOffreBudget":14.7,"tarifChoixClient":16.11,"tarifChoixClientAnnuel":0.0,"produitHospiBean":{"codeProduit":"CHOSP","libelleProduit":null,"montantCotisationTTCAnnuel":0.0,"montantCotisationTTCFractionne":0.0,"montantCotisationHorsPrimesTTCAnnuel":0.0,"montantCotisationPrimesTTCAnnuel":0.0,"codeAssistance":"ASSHCP","codeGarantie":0,"codeGarantieAssistance":0,"typeProduit":null},"produitGarantieHospiBean":{"codeProduit":null,"libelleProduit":null,"montantCotisationTTCAnnuel":0.0,"montantCotisationTTCFractionne":0.0,"montantCotisationHorsPrimesTTCAnnuel":0.0,"montantCotisationPrimesTTCAnnuel":0.0,"codeAssistance":null,"codeGarantie":0,"codeGarantieAssistance":0,"typeProduit":null,"montantGarantie":0.0},"produitGarantieForfaitHospiBean":{"codeProduit":null,"libelleProduit":null,"montantCotisationTTCAnnuel":0.0,"montantCotisationTTCFractionne":0.0,"montantCotisationHorsPrimesTTCAnnuel":0.0,"montantCotisationPrimesTTCAnnuel":0.0,"codeAssistance":null,"codeGarantie":0,"codeGarantieAssistance":0,"typeProduit":null,"montantGarantieForfaitHospi":0.0},"forfaitHospitaliasationBean":null,"niveauHospiSoinsCourants":-1,"niveauOptiqueAuditif":-1,"niveauDentaire":-1,"renfortHospi":"N","renfortMedecinesDouces":"N","produitNOSBean":{"codeProduit":"","libelleProduit":null,"montantCotisationTTCAnnuel":0.0,"montantCotisationTTCFractionne":0.0,"montantCotisationHorsPrimesTTCAnnuel":0.0,"montantCotisationPrimesTTCAnnuel":0.0,"codeAssistance":"","codeGarantie":0,"codeGarantieAssistance":0,"typeProduit":null},"renfortOptique":"N","renfortDentaire":"N","abrogationBean":null,"gammeBean":{"idGamme":"I","libelleGamme":"Hospi"},"forfaitHospit":"N","forfaitHospiSelected":null,"tauxAMC":null,"topGHSeuleSelected":null,"repriseDevisGH":false,"hospiSeule":false},"besoinAssureBean":{"niveauHospiSoinsCourants":0,"niveauOptiqueAuditif":0,"niveauDentaire":0,"renfortHospi":null,"renfortMedecinesDouces":null,"gammeBean":null,"forfaitHospit":null},"clauseBeanList":null,"assurePrincipal":true,"sexeSouscription":"M","prenomNom":"Stanley ACHOR","dateNaissancePourMN":"1981-01-20","dateDebutActiviteMN":"2000-01-01"},
  "calculer-tarif-2": {"idPersonneNOS":"2","idPr":null,"idRattachementPersonneNOS":"1","categorieSociale":"","categorieSocialeMenu":"","categorieSocialeSousMenu":null,"dateDebutActivite":"","isEnActivite":"N","dateNaissance":"19820101","age":"38","nom":"ACHOR","prenom":"Roxanne","qualite":"MME","sexe":"F","profil":"A","libelleProfil":"ADULTE","rattachementOuCSP":"Ratt.","codePostal":null,"commune":null,"complementNumeroRue":null,"numeroRue":null,"typeVoie":null,"voie":null,"numeroSS":null,"regimeObligatoire":null,"codeProfessionLagon":null,"mapAttributRO":{},"isAssurePrincipal":false,"affichageGarantiesBean":{"axeGarantieBeanList":null,"libelleHospitalisationSeule":null,"niveauAutoriseBeanList":null,"garantieHospitaliereBeanList":[{"codeGarantieHospitaliere":"OSGH2","libelleGarantieHospitaliere":"GH"},{"codeGarantieHospitaliere":"OSGH4","libelleGarantieHospitaliere":"GH"}],"renfortGarantieBeanList":null,"forfaitHospitaliasationBean":null},"soinAssureBean":{"tarifMensuelOffreBudget":20.07,"tarifChoixClient":20.07,"tarifChoixClientAnnuel":0.0,"produitHospiBean":{"codeProduit":"","libelleProduit":null,"montantCotisationTTCAnnuel":0.0,"montantCotisationTTCFractionne":0.0,"montantCotisationHorsPrimesTTCAnnuel":0.0,"montantCotisationPrimesTTCAnnuel":0.0,"codeAssistance":"","codeGarantie":0,"codeGarantieAssistance":0,"typeProduit":null},"produitGarantieHospiBean":{"codeProduit":null,"libelleProduit":null,"montantCotisationTTCAnnuel":0.0,"montantCotisationTTCFractionne":0.0,"montantCotisationHorsPrimesTTCAnnuel":0.0,"montantCotisationPrimesTTCAnnuel":0.0,"codeAssistance":"","codeGarantie":0,"codeGarantieAssistance":0,"typeProduit":null,"montantGarantie":0.0},"produitGarantieForfaitHospiBean":{"codeProduit":null,"libelleProduit":null,"montantCotisationTTCAnnuel":0.0,"montantCotisationTTCFractionne":0.0,"montantCotisationHorsPrimesTTCAnnuel":0.0,"montantCotisationPrimesTTCAnnuel":0.0,"codeAssistance":null,"codeGarantie":0,"codeGarantieAssistance":0,"typeProduit":null,"montantGarantieForfaitHospi":0.0},"forfaitHospitaliasationBean":null,"niveauHospiSoinsCourants":0,"niveauOptiqueAuditif":0,"niveauDentaire":0,"renfortHospi":"N","renfortMedecinesDouces":"N","produitNOSBean":{"codeProduit":"CECO","libelleProduit":null,"montantCotisationTTCAnnuel":0.0,"montantCotisationTTCFractionne":0.0,"montantCotisationHorsPrimesTTCAnnuel":0.0,"montantCotisationPrimesTTCAnnuel":0.0,"codeAssistance":"ASSHCP","codeGarantie":0,"codeGarantieAssistance":0,"typeProduit":null},"renfortOptique":"N","renfortDentaire":"N","abrogationBean":null,"gammeBean":{"idGamme":"O","libelleGamme":"Budget"},"forfaitHospit":"N","forfaitHospiSelected":null,"tauxAMC":null,"topGHSeuleSelected":null,"repriseDevisGH":false,"hospiSeule":false},"besoinAssureBean":{"niveauHospiSoinsCourants":0,"niveauOptiqueAuditif":0,"niveauDentaire":0,"renfortHospi":null,"renfortMedecinesDouces":null,"gammeBean":null,"forfaitHospit":null},"clauseBeanList":null,"assurePrincipal":false,"sexeSouscription":"F","prenomNom":"Roxanne ACHOR","dateNaissancePourMN":"1982-01-01","dateDebutActiviteMN":""},
  "calculer-tarif-3": {"idPersonneNOS":"3","idPr":null,"idRattachementPersonneNOS":"1","categorieSociale":"","categorieSocialeMenu":null,"categorieSocialeSousMenu":null,"dateDebutActivite":"","isEnActivite":"N","dateNaissance":"20100101","age":"10","nom":"ACHOR","prenom":"Nolan","qualite":"M","sexe":"M","profil":"E","libelleProfil":"ENFANT","rattachementOuCSP":"Ratt.","codePostal":null,"commune":null,"complementNumeroRue":null,"numeroRue":null,"typeVoie":null,"voie":null,"numeroSS":null,"regimeObligatoire":null,"codeProfessionLagon":null,"mapAttributRO":{},"isAssurePrincipal":false,"affichageGarantiesBean":{"axeGarantieBeanList":null,"libelleHospitalisationSeule":null,"niveauAutoriseBeanList":null,"garantieHospitaliereBeanList":[{"codeGarantieHospitaliere":"OSGH2","libelleGarantieHospitaliere":"GH"},{"codeGarantieHospitaliere":"OSGH4","libelleGarantieHospitaliere":"GH"}],"renfortGarantieBeanList":null,"forfaitHospitaliasationBean":null},"soinAssureBean":{"tarifMensuelOffreBudget":9.11,"tarifChoixClient":10.52,"tarifChoixClientAnnuel":0.0,"produitHospiBean":{"codeProduit":"CHOSP","libelleProduit":null,"montantCotisationTTCAnnuel":0.0,"montantCotisationTTCFractionne":0.0,"montantCotisationHorsPrimesTTCAnnuel":0.0,"montantCotisationPrimesTTCAnnuel":0.0,"codeAssistance":"ASSHCP","codeGarantie":0,"codeGarantieAssistance":0,"typeProduit":null},"produitGarantieHospiBean":{"codeProduit":null,"libelleProduit":null,"montantCotisationTTCAnnuel":0.0,"montantCotisationTTCFractionne":0.0,"montantCotisationHorsPrimesTTCAnnuel":0.0,"montantCotisationPrimesTTCAnnuel":0.0,"codeAssistance":null,"codeGarantie":0,"codeGarantieAssistance":0,"typeProduit":null,"montantGarantie":0.0},"produitGarantieForfaitHospiBean":{"codeProduit":null,"libelleProduit":null,"montantCotisationTTCAnnuel":0.0,"montantCotisationTTCFractionne":0.0,"montantCotisationHorsPrimesTTCAnnuel":0.0,"montantCotisationPrimesTTCAnnuel":0.0,"codeAssistance":null,"codeGarantie":0,"codeGarantieAssistance":0,"typeProduit":null,"montantGarantieForfaitHospi":0.0},"forfaitHospitaliasationBean":null,"niveauHospiSoinsCourants":-1,"niveauOptiqueAuditif":-1,"niveauDentaire":-1,"renfortHospi":"N","renfortMedecinesDouces":"N","produitNOSBean":{"codeProduit":"","libelleProduit":null,"montantCotisationTTCAnnuel":0.0,"montantCotisationTTCFractionne":0.0,"montantCotisationHorsPrimesTTCAnnuel":0.0,"montantCotisationPrimesTTCAnnuel":0.0,"codeAssistance":"","codeGarantie":0,"codeGarantieAssistance":0,"typeProduit":null},"renfortOptique":"N","renfortDentaire":"N","abrogationBean":null,"gammeBean":{"idGamme":"I","libelleGamme":"Hospi"},"forfaitHospit":"N","forfaitHospiSelected":null,"tauxAMC":null,"topGHSeuleSelected":null,"repriseDevisGH":false,"hospiSeule":false},"besoinAssureBean":{"niveauHospiSoinsCourants":0,"niveauOptiqueAuditif":0,"niveauDentaire":0,"renfortHospi":null,"renfortMedecinesDouces":null,"gammeBean":null,"forfaitHospit":null},"clauseBeanList":null,"assurePrincipal":false,"sexeSouscription":"M","prenomNom":"Nolan ACHOR","dateNaissancePourMN":"2010-01-01","dateDebutActiviteMN":""},
  "calculer-tarif-4": {"idPersonneNOS":"4","idPr":null,"idRattachementPersonneNOS":"1","categorieSociale":"","categorieSocialeMenu":null,"categorieSocialeSousMenu":null,"dateDebutActivite":"","isEnActivite":"N","dateNaissance":"20150101","age":"5","nom":"ACHOR","prenom":"Kristin","qualite":"MLLE","sexe":"F","profil":"E","libelleProfil":"ENFANT","rattachementOuCSP":"Ratt.","codePostal":null,"commune":null,"complementNumeroRue":null,"numeroRue":null,"typeVoie":null,"voie":null,"numeroSS":null,"regimeObligatoire":null,"codeProfessionLagon":null,"mapAttributRO":{},"isAssurePrincipal":false,"affichageGarantiesBean":{"axeGarantieBeanList":null,"libelleHospitalisationSeule":null,"niveauAutoriseBeanList":null,"garantieHospitaliereBeanList":[{"codeGarantieHospitaliere":"OSGH2","libelleGarantieHospitaliere":"GH"},{"codeGarantieHospitaliere":"OSGH4","libelleGarantieHospitaliere":"GH"}],"renfortGarantieBeanList":null,"forfaitHospitaliasationBean":null},"soinAssureBean":{"tarifMensuelOffreBudget":9.11,"tarifChoixClient":10.52,"tarifChoixClientAnnuel":0.0,"produitHospiBean":{"codeProduit":"CHOSP","libelleProduit":null,"montantCotisationTTCAnnuel":0.0,"montantCotisationTTCFractionne":0.0,"montantCotisationHorsPrimesTTCAnnuel":0.0,"montantCotisationPrimesTTCAnnuel":0.0,"codeAssistance":"ASSHCP","codeGarantie":0,"codeGarantieAssistance":0,"typeProduit":null},"produitGarantieHospiBean":{"codeProduit":null,"libelleProduit":null,"montantCotisationTTCAnnuel":0.0,"montantCotisationTTCFractionne":0.0,"montantCotisationHorsPrimesTTCAnnuel":0.0,"montantCotisationPrimesTTCAnnuel":0.0,"codeAssistance":null,"codeGarantie":0,"codeGarantieAssistance":0,"typeProduit":null,"montantGarantie":0.0},"produitGarantieForfaitHospiBean":{"codeProduit":null,"libelleProduit":null,"montantCotisationTTCAnnuel":0.0,"montantCotisationTTCFractionne":0.0,"montantCotisationHorsPrimesTTCAnnuel":0.0,"montantCotisationPrimesTTCAnnuel":0.0,"codeAssistance":null,"codeGarantie":0,"codeGarantieAssistance":0,"typeProduit":null,"montantGarantieForfaitHospi":0.0},"forfaitHospitaliasationBean":null,"niveauHospiSoinsCourants":-1,"niveauOptiqueAuditif":-1,"niveauDentaire":-1,"renfortHospi":"N","renfortMedecinesDouces":"N","produitNOSBean":{"codeProduit":"","libelleProduit":null,"montantCotisationTTCAnnuel":0.0,"montantCotisationTTCFractionne":0.0,"montantCotisationHorsPrimesTTCAnnuel":0.0,"montantCotisationPrimesTTCAnnuel":0.0,"codeAssistance":"","codeGarantie":0,"codeGarantieAssistance":0,"typeProduit":null},"renfortOptique":"N","renfortDentaire":"N","abrogationBean":null,"gammeBean":{"idGamme":"I","libelleGamme":"Hospi"},"forfaitHospit":"N","forfaitHospiSelected":null,"tauxAMC":null,"topGHSeuleSelected":null,"repriseDevisGH":false,"hospiSeule":false},"besoinAssureBean":{"niveauHospiSoinsCourants":0,"niveauOptiqueAuditif":0,"niveauDentaire":0,"renfortHospi":null,"renfortMedecinesDouces":null,"gammeBean":null,"forfaitHospit":null},"clauseBeanList":null,"assurePrincipal":false,"sexeSouscription":"F","prenomNom":"Kristin ACHOR","dateNaissancePourMN":"2015-01-01","dateDebutActiviteMN":""},
  "calculer-tarif-5": {"idPersonneNOS":"5","idPr":null,"idRattachementPersonneNOS":"1","categorieSociale":"","categorieSocialeMenu":null,"categorieSocialeSousMenu":null,"dateDebutActivite":"","isEnActivite":"N","dateNaissance":"20180101","age":"2","nom":"ACHOR","prenom":"Stefan","qualite":"M","sexe":"M","profil":"E","libelleProfil":"ENFANT","rattachementOuCSP":"Ratt.","codePostal":null,"commune":null,"complementNumeroRue":null,"numeroRue":null,"typeVoie":null,"voie":null,"numeroSS":null,"regimeObligatoire":null,"codeProfessionLagon":null,"mapAttributRO":{},"isAssurePrincipal":false,"affichageGarantiesBean":{"axeGarantieBeanList":null,"libelleHospitalisationSeule":null,"niveauAutoriseBeanList":null,"garantieHospitaliereBeanList":[{"codeGarantieHospitaliere":"OSGH2","libelleGarantieHospitaliere":"GH"},{"codeGarantieHospitaliere":"OSGH4","libelleGarantieHospitaliere":"GH"}],"renfortGarantieBeanList":null,"forfaitHospitaliasationBean":null},"soinAssureBean":{"tarifMensuelOffreBudget":9.11,"tarifChoixClient":10.52,"tarifChoixClientAnnuel":0.0,"produitHospiBean":{"codeProduit":"CHOSP","libelleProduit":null,"montantCotisationTTCAnnuel":0.0,"montantCotisationTTCFractionne":0.0,"montantCotisationHorsPrimesTTCAnnuel":0.0,"montantCotisationPrimesTTCAnnuel":0.0,"codeAssistance":"ASSHCP","codeGarantie":0,"codeGarantieAssistance":0,"typeProduit":null},"produitGarantieHospiBean":{"codeProduit":null,"libelleProduit":null,"montantCotisationTTCAnnuel":0.0,"montantCotisationTTCFractionne":0.0,"montantCotisationHorsPrimesTTCAnnuel":0.0,"montantCotisationPrimesTTCAnnuel":0.0,"codeAssistance":null,"codeGarantie":0,"codeGarantieAssistance":0,"typeProduit":null,"montantGarantie":0.0},"produitGarantieForfaitHospiBean":{"codeProduit":null,"libelleProduit":null,"montantCotisationTTCAnnuel":0.0,"montantCotisationTTCFractionne":0.0,"montantCotisationHorsPrimesTTCAnnuel":0.0,"montantCotisationPrimesTTCAnnuel":0.0,"codeAssistance":null,"codeGarantie":0,"codeGarantieAssistance":0,"typeProduit":null,"montantGarantieForfaitHospi":0.0},"forfaitHospitaliasationBean":null,"niveauHospiSoinsCourants":-1,"niveauOptiqueAuditif":-1,"niveauDentaire":-1,"renfortHospi":"N","renfortMedecinesDouces":"N","produitNOSBean":{"codeProduit":"","libelleProduit":null,"montantCotisationTTCAnnuel":0.0,"montantCotisationTTCFractionne":0.0,"montantCotisationHorsPrimesTTCAnnuel":0.0,"montantCotisationPrimesTTCAnnuel":0.0,"codeAssistance":"","codeGarantie":0,"codeGarantieAssistance":0,"typeProduit":null},"renfortOptique":"N","renfortDentaire":"N","abrogationBean":null,"gammeBean":{"idGamme":"I","libelleGamme":"Hospi"},"forfaitHospit":"N","forfaitHospiSelected":null,"tauxAMC":null,"topGHSeuleSelected":null,"repriseDevisGH":false,"hospiSeule":false},"besoinAssureBean":{"niveauHospiSoinsCourants":0,"niveauOptiqueAuditif":0,"niveauDentaire":0,"renfortHospi":null,"renfortMedecinesDouces":null,"gammeBean":null,"forfaitHospit":null},"clauseBeanList":null,"assurePrincipal":false,"sexeSouscription":"M","prenomNom":"Stefan ACHOR","dateNaissancePourMN":"2018-01-01","dateDebutActiviteMN":""},
  "appliquer-a-tous": [{"idPersonneNOS":"1","idPr":null,"idRattachementPersonneNOS":null,"categorieSociale":"TA-RG","categorieSocialeMenu":"TA-RG","categorieSocialeSousMenu":null,"dateDebutActivite":"20000101","isEnActivite":"N","dateNaissance":"19810120","age":"39","nom":"ACHOR","prenom":"Stanley","qualite":"M","sexe":null,"profil":"A","libelleProfil":"ADULTE","rattachementOuCSP":"CSP","codePostal":"75012","commune":"Paris","complementNumeroRue":"7","numeroRue":"13","typeVoie":"RUE","voie":"Lasson","numeroSS":"181017511201209","regimeObligatoire":null,"codeProfessionLagon":"2330","mapAttributRO":{"commune":"","voie":"","numeroRue":"","dateNaissance":"","codePostal":"","prenom":"","qualite":"","numeroSS":"","nom":"","typeVoie":""},"isAssurePrincipal":true,"affichageGarantiesBean":{"axeGarantieBeanList":[{"libelleDetailGarantieBeanList":[{"libelleDetailGarantie":"ItemScort 0"},{"libelleDetailGarantie":"ItemScort 1"}],"detailGarantieBeanList":[{"niveauRemboursementDetailAxeGarantieBeanList":[{"niveauRemboursement":"Budget0"},{"niveauRemboursement":"Budget1"}],"codeNiveauRemboursement":"0"},{"niveauRemboursementDetailAxeGarantieBeanList":[{"niveauRemboursement":"Indice:0 Seuils:0"},{"niveauRemboursement":"Indice:1 Seuils:0"}],"codeNiveauRemboursement":"1"},{"niveauRemboursementDetailAxeGarantieBeanList":[{"niveauRemboursement":"Indice:0 Seuils:1"},{"niveauRemboursement":"Indice:1 Seuils:1"}],"codeNiveauRemboursement":"2"},{"niveauRemboursementDetailAxeGarantieBeanList":[{"niveauRemboursement":"Indice:0 Seuils:2"},{"niveauRemboursement":"Indice:1 Seuils:2"}],"codeNiveauRemboursement":"3"},{"niveauRemboursementDetailAxeGarantieBeanList":[{"niveauRemboursement":"Indice:0 Seuils:3"},{"niveauRemboursement":"Indice:1 Seuils:3"}],"codeNiveauRemboursement":"4"}],"niveauRemboursementSelect":null,"libelleAxeGarantie":"Hospi/soins courants","idAxeGarantie":"H"},{"libelleDetailGarantieBeanList":[{"libelleDetailGarantie":"ItemScort 0"},{"libelleDetailGarantie":"ItemScort 1"},{"libelleDetailGarantie":"ItemScort 2"},{"libelleDetailGarantie":"ItemScort 3"}],"detailGarantieBeanList":[{"niveauRemboursementDetailAxeGarantieBeanList":[{"niveauRemboursement":"Budget 0"},{"niveauRemboursement":"Budget 1"},{"niveauRemboursement":"Budget 2"},{"niveauRemboursement":"Budget 3"}],"codeNiveauRemboursement":"0"},{"niveauRemboursementDetailAxeGarantieBeanList":[{"niveauRemboursement":"Niveau:0 Seuils:0"},{"niveauRemboursement":"Niveau:1 Seuils:0"},{"niveauRemboursement":"Niveau:2 Seuils:0"},{"niveauRemboursement":"Niveau:3 Seuils:0"}],"codeNiveauRemboursement":"1"},{"niveauRemboursementDetailAxeGarantieBeanList":[{"niveauRemboursement":"Niveau:0 Seuils:1"},{"niveauRemboursement":"Niveau:1 Seuils:1"},{"niveauRemboursement":"Niveau:2 Seuils:1"},{"niveauRemboursement":"Niveau:3 Seuils:1"}],"codeNiveauRemboursement":"2"},{"niveauRemboursementDetailAxeGarantieBeanList":[{"niveauRemboursement":"Niveau:0 Seuils:2"},{"niveauRemboursement":"Niveau:1 Seuils:2"},{"niveauRemboursement":"Niveau:2 Seuils:2"},{"niveauRemboursement":"Niveau:3 Seuils:2"}],"codeNiveauRemboursement":"3"},{"niveauRemboursementDetailAxeGarantieBeanList":[{"niveauRemboursement":"Niveau:0 Seuils:3"},{"niveauRemboursement":"Niveau:1 Seuils:3"},{"niveauRemboursement":"Niveau:2 Seuils:3"},{"niveauRemboursement":"Niveau:3 Seuils:3"}],"codeNiveauRemboursement":"4"}],"niveauRemboursementSelect":null,"libelleAxeGarantie":"Optique / Auditif","idAxeGarantie":"O"},{"libelleDetailGarantieBeanList":[{"libelleDetailGarantie":"ItemScort 0"},{"libelleDetailGarantie":"ItemScort 1"},{"libelleDetailGarantie":"ItemScort 2"},{"libelleDetailGarantie":"ItemScort 3"}],"detailGarantieBeanList":[{"niveauRemboursementDetailAxeGarantieBeanList":[{"niveauRemboursement":"Budget :0"},{"niveauRemboursement":"Budget :1"},{"niveauRemboursement":"Budget :2"},{"niveauRemboursement":"Budget :3"}],"codeNiveauRemboursement":"0"},{"niveauRemboursementDetailAxeGarantieBeanList":[{"niveauRemboursement":"Niveau:0 Seuil:0"},{"niveauRemboursement":"Niveau:1 Seuil:0"},{"niveauRemboursement":"Niveau:2 Seuil:0"},{"niveauRemboursement":"Niveau:3 Seuil:0"}],"codeNiveauRemboursement":"1"},{"niveauRemboursementDetailAxeGarantieBeanList":[{"niveauRemboursement":"Niveau:0 Seuil:1"},{"niveauRemboursement":"Niveau:1 Seuil:1"},{"niveauRemboursement":"Niveau:2 Seuil:1"},{"niveauRemboursement":"Niveau:3 Seuil:1"}],"codeNiveauRemboursement":"2"},{"niveauRemboursementDetailAxeGarantieBeanList":[{"niveauRemboursement":"Niveau:0 Seuil:2"},{"niveauRemboursement":"Niveau:1 Seuil:2"},{"niveauRemboursement":"Niveau:2 Seuil:2"},{"niveauRemboursement":"Niveau:3 Seuil:2"}],"codeNiveauRemboursement":"3"},{"niveauRemboursementDetailAxeGarantieBeanList":[{"niveauRemboursement":"Niveau:0 Seuil:3"},{"niveauRemboursement":"Niveau:1 Seuil:3"},{"niveauRemboursement":"Niveau:2 Seuil:3"},{"niveauRemboursement":"Niveau:3 Seuil:3"}],"codeNiveauRemboursement":"4"}],"niveauRemboursementSelect":null,"libelleAxeGarantie":"Dentaire","idAxeGarantie":"D"}],"libelleHospitalisationSeule":"Hospitalisation seule","niveauAutoriseBeanList":[{"codeNiveau":"0","libelleNiveau":"Budget"},{"codeNiveau":"1","libelleNiveau":"Niveau 1"},{"codeNiveau":"2","libelleNiveau":"Niveau 2"},{"codeNiveau":"3","libelleNiveau":"Niveau 3"},{"codeNiveau":"4","libelleNiveau":"Niveau 4"}],"garantieHospitaliereBeanList":[{"codeGarantieHospitaliere":"OSGH2","libelleGarantieHospitaliere":"GH"},{"codeGarantieHospitaliere":"OSGH4","libelleGarantieHospitaliere":"GH"}],"renfortGarantieBeanList":[{"libelleRenfortGarantie":"Renfort sérenité","detailRenfortGarantieBeanList":[{"detailRenfortGarantie":"ItemScort 0"},{"detailRenfortGarantie":"ItemScort 1"},{"detailRenfortGarantie":"ItemScort 2"}],"topRenfort":null,"idRenfortGarantie":"S","isTopRenfort":null},{"libelleRenfortGarantie":"Renfort confort","detailRenfortGarantieBeanList":[{"detailRenfortGarantie":"ItemScort 0"},{"detailRenfortGarantie":"ItemScort 1"}],"topRenfort":null,"idRenfortGarantie":"C","isTopRenfort":null}],"forfaitHospitaliasationBean":{"libelleFofaitHospi":"Forfait Hospi","idForfaitHospi":"H","codeProduit":null,"repriseDevis":false}},"soinAssureBean":{"tarifMensuelOffreBudget":20.7,"tarifChoixClient":20.7,"tarifChoixClientAnnuel":0.0,"produitHospiBean":{"codeProduit":"","libelleProduit":null,"montantCotisationTTCAnnuel":0.0,"montantCotisationTTCFractionne":0.0,"montantCotisationHorsPrimesTTCAnnuel":0.0,"montantCotisationPrimesTTCAnnuel":0.0,"codeAssistance":"","codeGarantie":0,"codeGarantieAssistance":0,"typeProduit":null},"produitGarantieHospiBean":{"codeProduit":null,"libelleProduit":null,"montantCotisationTTCAnnuel":0.0,"montantCotisationTTCFractionne":0.0,"montantCotisationHorsPrimesTTCAnnuel":0.0,"montantCotisationPrimesTTCAnnuel":0.0,"codeAssistance":"","codeGarantie":0,"codeGarantieAssistance":0,"typeProduit":null,"montantGarantie":0.0},"produitGarantieForfaitHospiBean":{"codeProduit":null,"libelleProduit":null,"montantCotisationTTCAnnuel":0.0,"montantCotisationTTCFractionne":0.0,"montantCotisationHorsPrimesTTCAnnuel":0.0,"montantCotisationPrimesTTCAnnuel":0.0,"codeAssistance":null,"codeGarantie":0,"codeGarantieAssistance":0,"typeProduit":null,"montantGarantieForfaitHospi":0.0},"forfaitHospitaliasationBean":null,"niveauHospiSoinsCourants":0,"niveauOptiqueAuditif":0,"niveauDentaire":0,"renfortHospi":"N","renfortMedecinesDouces":"N","produitNOSBean":{"codeProduit":"CECO","libelleProduit":null,"montantCotisationTTCAnnuel":0.0,"montantCotisationTTCFractionne":0.0,"montantCotisationHorsPrimesTTCAnnuel":0.0,"montantCotisationPrimesTTCAnnuel":0.0,"codeAssistance":"ASSHCP","codeGarantie":0,"codeGarantieAssistance":0,"typeProduit":null},"renfortOptique":"N","renfortDentaire":"N","abrogationBean":null,"gammeBean":{"idGamme":"O","libelleGamme":"Budget"},"forfaitHospit":"N","forfaitHospiSelected":null,"tauxAMC":null,"topGHSeuleSelected":null,"repriseDevisGH":false,"hospiSeule":false},"besoinAssureBean":{"niveauHospiSoinsCourants":0,"niveauOptiqueAuditif":0,"niveauDentaire":0,"renfortHospi":null,"renfortMedecinesDouces":null,"gammeBean":null,"forfaitHospit":null},"clauseBeanList":null,"assurePrincipal":true,"sexeSouscription":"M","prenomNom":"Stanley ACHOR","dateNaissancePourMN":"1981-01-20","dateDebutActiviteMN":"2000-01-01"},{"idPersonneNOS":"2","idPr":null,"idRattachementPersonneNOS":"1","categorieSociale":"","categorieSocialeMenu":"","categorieSocialeSousMenu":null,"dateDebutActivite":"","isEnActivite":"N","dateNaissance":"19820101","age":"38","nom":"ACHOR","prenom":"Roxanne","qualite":"MME","sexe":"F","profil":"A","libelleProfil":"ADULTE","rattachementOuCSP":"Ratt.","codePostal":null,"commune":null,"complementNumeroRue":null,"numeroRue":null,"typeVoie":null,"voie":null,"numeroSS":null,"regimeObligatoire":null,"codeProfessionLagon":null,"mapAttributRO":{},"isAssurePrincipal":false,"affichageGarantiesBean":{"axeGarantieBeanList":null,"libelleHospitalisationSeule":null,"niveauAutoriseBeanList":null,"garantieHospitaliereBeanList":[{"codeGarantieHospitaliere":"OSGH2","libelleGarantieHospitaliere":"GH"},{"codeGarantieHospitaliere":"OSGH4","libelleGarantieHospitaliere":"GH"}],"renfortGarantieBeanList":null,"forfaitHospitaliasationBean":null},"soinAssureBean":{"tarifMensuelOffreBudget":20.07,"tarifChoixClient":20.07,"tarifChoixClientAnnuel":0.0,"produitHospiBean":{"codeProduit":"","libelleProduit":null,"montantCotisationTTCAnnuel":0.0,"montantCotisationTTCFractionne":0.0,"montantCotisationHorsPrimesTTCAnnuel":0.0,"montantCotisationPrimesTTCAnnuel":0.0,"codeAssistance":"","codeGarantie":0,"codeGarantieAssistance":0,"typeProduit":null},"produitGarantieHospiBean":{"codeProduit":null,"libelleProduit":null,"montantCotisationTTCAnnuel":0.0,"montantCotisationTTCFractionne":0.0,"montantCotisationHorsPrimesTTCAnnuel":0.0,"montantCotisationPrimesTTCAnnuel":0.0,"codeAssistance":"","codeGarantie":0,"codeGarantieAssistance":0,"typeProduit":null,"montantGarantie":0.0},"produitGarantieForfaitHospiBean":{"codeProduit":null,"libelleProduit":null,"montantCotisationTTCAnnuel":0.0,"montantCotisationTTCFractionne":0.0,"montantCotisationHorsPrimesTTCAnnuel":0.0,"montantCotisationPrimesTTCAnnuel":0.0,"codeAssistance":null,"codeGarantie":0,"codeGarantieAssistance":0,"typeProduit":null,"montantGarantieForfaitHospi":0.0},"forfaitHospitaliasationBean":null,"niveauHospiSoinsCourants":0,"niveauOptiqueAuditif":0,"niveauDentaire":0,"renfortHospi":"N","renfortMedecinesDouces":"N","produitNOSBean":{"codeProduit":"CECO","libelleProduit":null,"montantCotisationTTCAnnuel":0.0,"montantCotisationTTCFractionne":0.0,"montantCotisationHorsPrimesTTCAnnuel":0.0,"montantCotisationPrimesTTCAnnuel":0.0,"codeAssistance":"ASSHCP","codeGarantie":0,"codeGarantieAssistance":0,"typeProduit":null},"renfortOptique":"N","renfortDentaire":"N","abrogationBean":null,"gammeBean":{"idGamme":"O","libelleGamme":"Budget"},"forfaitHospit":"N","forfaitHospiSelected":null,"tauxAMC":null,"topGHSeuleSelected":null,"repriseDevisGH":false,"hospiSeule":false},"besoinAssureBean":{"niveauHospiSoinsCourants":0,"niveauOptiqueAuditif":0,"niveauDentaire":0,"renfortHospi":null,"renfortMedecinesDouces":null,"gammeBean":null,"forfaitHospit":null},"clauseBeanList":null,"assurePrincipal":false,"sexeSouscription":"F","prenomNom":"Roxanne ACHOR","dateNaissancePourMN":"1982-01-01","dateDebutActiviteMN":""},{"idPersonneNOS":"3","idPr":null,"idRattachementPersonneNOS":"1","categorieSociale":"","categorieSocialeMenu":null,"categorieSocialeSousMenu":null,"dateDebutActivite":"","isEnActivite":"N","dateNaissance":"20100101","age":"10","nom":"ACHOR","prenom":"Nolan","qualite":"M","sexe":"M","profil":"E","libelleProfil":"ENFANT","rattachementOuCSP":"Ratt.","codePostal":null,"commune":null,"complementNumeroRue":null,"numeroRue":null,"typeVoie":null,"voie":null,"numeroSS":null,"regimeObligatoire":null,"codeProfessionLagon":null,"mapAttributRO":{},"isAssurePrincipal":false,"affichageGarantiesBean":{"axeGarantieBeanList":null,"libelleHospitalisationSeule":null,"niveauAutoriseBeanList":null,"garantieHospitaliereBeanList":[{"codeGarantieHospitaliere":"OSGH2","libelleGarantieHospitaliere":"GH"},{"codeGarantieHospitaliere":"OSGH4","libelleGarantieHospitaliere":"GH"}],"renfortGarantieBeanList":null,"forfaitHospitaliasationBean":null},"soinAssureBean":{"tarifMensuelOffreBudget":9.11,"tarifChoixClient":10.52,"tarifChoixClientAnnuel":0.0,"produitHospiBean":{"codeProduit":"CHOSP","libelleProduit":null,"montantCotisationTTCAnnuel":0.0,"montantCotisationTTCFractionne":0.0,"montantCotisationHorsPrimesTTCAnnuel":0.0,"montantCotisationPrimesTTCAnnuel":0.0,"codeAssistance":"ASSHCP","codeGarantie":0,"codeGarantieAssistance":0,"typeProduit":null},"produitGarantieHospiBean":{"codeProduit":null,"libelleProduit":null,"montantCotisationTTCAnnuel":0.0,"montantCotisationTTCFractionne":0.0,"montantCotisationHorsPrimesTTCAnnuel":0.0,"montantCotisationPrimesTTCAnnuel":0.0,"codeAssistance":null,"codeGarantie":0,"codeGarantieAssistance":0,"typeProduit":null,"montantGarantie":0.0},"produitGarantieForfaitHospiBean":{"codeProduit":null,"libelleProduit":null,"montantCotisationTTCAnnuel":0.0,"montantCotisationTTCFractionne":0.0,"montantCotisationHorsPrimesTTCAnnuel":0.0,"montantCotisationPrimesTTCAnnuel":0.0,"codeAssistance":null,"codeGarantie":0,"codeGarantieAssistance":0,"typeProduit":null,"montantGarantieForfaitHospi":0.0},"forfaitHospitaliasationBean":null,"niveauHospiSoinsCourants":-1,"niveauOptiqueAuditif":-1,"niveauDentaire":-1,"renfortHospi":"N","renfortMedecinesDouces":"N","produitNOSBean":{"codeProduit":"","libelleProduit":null,"montantCotisationTTCAnnuel":0.0,"montantCotisationTTCFractionne":0.0,"montantCotisationHorsPrimesTTCAnnuel":0.0,"montantCotisationPrimesTTCAnnuel":0.0,"codeAssistance":"","codeGarantie":0,"codeGarantieAssistance":0,"typeProduit":null},"renfortOptique":"N","renfortDentaire":"N","abrogationBean":null,"gammeBean":{"idGamme":"I","libelleGamme":"Hospi"},"forfaitHospit":"N","forfaitHospiSelected":null,"tauxAMC":null,"topGHSeuleSelected":null,"repriseDevisGH":false,"hospiSeule":false},"besoinAssureBean":{"niveauHospiSoinsCourants":0,"niveauOptiqueAuditif":0,"niveauDentaire":0,"renfortHospi":null,"renfortMedecinesDouces":null,"gammeBean":null,"forfaitHospit":null},"clauseBeanList":null,"assurePrincipal":false,"sexeSouscription":"M","prenomNom":"Nolan ACHOR","dateNaissancePourMN":"2010-01-01","dateDebutActiviteMN":""},{"idPersonneNOS":"4","idPr":null,"idRattachementPersonneNOS":"1","categorieSociale":"","categorieSocialeMenu":null,"categorieSocialeSousMenu":null,"dateDebutActivite":"","isEnActivite":"N","dateNaissance":"20150101","age":"5","nom":"ACHOR","prenom":"Kristin","qualite":"MLLE","sexe":"F","profil":"E","libelleProfil":"ENFANT","rattachementOuCSP":"Ratt.","codePostal":null,"commune":null,"complementNumeroRue":null,"numeroRue":null,"typeVoie":null,"voie":null,"numeroSS":null,"regimeObligatoire":null,"codeProfessionLagon":null,"mapAttributRO":{},"isAssurePrincipal":false,"affichageGarantiesBean":{"axeGarantieBeanList":null,"libelleHospitalisationSeule":null,"niveauAutoriseBeanList":null,"garantieHospitaliereBeanList":[{"codeGarantieHospitaliere":"OSGH2","libelleGarantieHospitaliere":"GH"},{"codeGarantieHospitaliere":"OSGH4","libelleGarantieHospitaliere":"GH"}],"renfortGarantieBeanList":null,"forfaitHospitaliasationBean":null},"soinAssureBean":{"tarifMensuelOffreBudget":9.11,"tarifChoixClient":10.52,"tarifChoixClientAnnuel":0.0,"produitHospiBean":{"codeProduit":"CHOSP","libelleProduit":null,"montantCotisationTTCAnnuel":0.0,"montantCotisationTTCFractionne":0.0,"montantCotisationHorsPrimesTTCAnnuel":0.0,"montantCotisationPrimesTTCAnnuel":0.0,"codeAssistance":"ASSHCP","codeGarantie":0,"codeGarantieAssistance":0,"typeProduit":null},"produitGarantieHospiBean":{"codeProduit":null,"libelleProduit":null,"montantCotisationTTCAnnuel":0.0,"montantCotisationTTCFractionne":0.0,"montantCotisationHorsPrimesTTCAnnuel":0.0,"montantCotisationPrimesTTCAnnuel":0.0,"codeAssistance":null,"codeGarantie":0,"codeGarantieAssistance":0,"typeProduit":null,"montantGarantie":0.0},"produitGarantieForfaitHospiBean":{"codeProduit":null,"libelleProduit":null,"montantCotisationTTCAnnuel":0.0,"montantCotisationTTCFractionne":0.0,"montantCotisationHorsPrimesTTCAnnuel":0.0,"montantCotisationPrimesTTCAnnuel":0.0,"codeAssistance":null,"codeGarantie":0,"codeGarantieAssistance":0,"typeProduit":null,"montantGarantieForfaitHospi":0.0},"forfaitHospitaliasationBean":null,"niveauHospiSoinsCourants":-1,"niveauOptiqueAuditif":-1,"niveauDentaire":-1,"renfortHospi":"N","renfortMedecinesDouces":"N","produitNOSBean":{"codeProduit":"","libelleProduit":null,"montantCotisationTTCAnnuel":0.0,"montantCotisationTTCFractionne":0.0,"montantCotisationHorsPrimesTTCAnnuel":0.0,"montantCotisationPrimesTTCAnnuel":0.0,"codeAssistance":"","codeGarantie":0,"codeGarantieAssistance":0,"typeProduit":null},"renfortOptique":"N","renfortDentaire":"N","abrogationBean":null,"gammeBean":{"idGamme":"I","libelleGamme":"Hospi"},"forfaitHospit":"N","forfaitHospiSelected":null,"tauxAMC":null,"topGHSeuleSelected":null,"repriseDevisGH":false,"hospiSeule":false},"besoinAssureBean":{"niveauHospiSoinsCourants":0,"niveauOptiqueAuditif":0,"niveauDentaire":0,"renfortHospi":null,"renfortMedecinesDouces":null,"gammeBean":null,"forfaitHospit":null},"clauseBeanList":null,"assurePrincipal":false,"sexeSouscription":"F","prenomNom":"Kristin ACHOR","dateNaissancePourMN":"2015-01-01","dateDebutActiviteMN":""},{"idPersonneNOS":"5","idPr":null,"idRattachementPersonneNOS":"1","categorieSociale":"","categorieSocialeMenu":null,"categorieSocialeSousMenu":null,"dateDebutActivite":"","isEnActivite":"N","dateNaissance":"20180101","age":"2","nom":"ACHOR","prenom":"Stefan","qualite":"M","sexe":"M","profil":"E","libelleProfil":"ENFANT","rattachementOuCSP":"Ratt.","codePostal":null,"commune":null,"complementNumeroRue":null,"numeroRue":null,"typeVoie":null,"voie":null,"numeroSS":null,"regimeObligatoire":null,"codeProfessionLagon":null,"mapAttributRO":{},"isAssurePrincipal":false,"affichageGarantiesBean":{"axeGarantieBeanList":null,"libelleHospitalisationSeule":null,"niveauAutoriseBeanList":null,"garantieHospitaliereBeanList":[{"codeGarantieHospitaliere":"OSGH2","libelleGarantieHospitaliere":"GH"},{"codeGarantieHospitaliere":"OSGH4","libelleGarantieHospitaliere":"GH"}],"renfortGarantieBeanList":null,"forfaitHospitaliasationBean":null},"soinAssureBean":{"tarifMensuelOffreBudget":9.11,"tarifChoixClient":10.52,"tarifChoixClientAnnuel":0.0,"produitHospiBean":{"codeProduit":"CHOSP","libelleProduit":null,"montantCotisationTTCAnnuel":0.0,"montantCotisationTTCFractionne":0.0,"montantCotisationHorsPrimesTTCAnnuel":0.0,"montantCotisationPrimesTTCAnnuel":0.0,"codeAssistance":"ASSHCP","codeGarantie":0,"codeGarantieAssistance":0,"typeProduit":null},"produitGarantieHospiBean":{"codeProduit":null,"libelleProduit":null,"montantCotisationTTCAnnuel":0.0,"montantCotisationTTCFractionne":0.0,"montantCotisationHorsPrimesTTCAnnuel":0.0,"montantCotisationPrimesTTCAnnuel":0.0,"codeAssistance":null,"codeGarantie":0,"codeGarantieAssistance":0,"typeProduit":null,"montantGarantie":0.0},"produitGarantieForfaitHospiBean":{"codeProduit":null,"libelleProduit":null,"montantCotisationTTCAnnuel":0.0,"montantCotisationTTCFractionne":0.0,"montantCotisationHorsPrimesTTCAnnuel":0.0,"montantCotisationPrimesTTCAnnuel":0.0,"codeAssistance":null,"codeGarantie":0,"codeGarantieAssistance":0,"typeProduit":null,"montantGarantieForfaitHospi":0.0},"forfaitHospitaliasationBean":null,"niveauHospiSoinsCourants":-1,"niveauOptiqueAuditif":-1,"niveauDentaire":-1,"renfortHospi":"N","renfortMedecinesDouces":"N","produitNOSBean":{"codeProduit":"","libelleProduit":null,"montantCotisationTTCAnnuel":0.0,"montantCotisationTTCFractionne":0.0,"montantCotisationHorsPrimesTTCAnnuel":0.0,"montantCotisationPrimesTTCAnnuel":0.0,"codeAssistance":"","codeGarantie":0,"codeGarantieAssistance":0,"typeProduit":null},"renfortOptique":"N","renfortDentaire":"N","abrogationBean":null,"gammeBean":{"idGamme":"I","libelleGamme":"Hospi"},"forfaitHospit":"N","forfaitHospiSelected":null,"tauxAMC":null,"topGHSeuleSelected":null,"repriseDevisGH":false,"hospiSeule":false},"besoinAssureBean":{"niveauHospiSoinsCourants":0,"niveauOptiqueAuditif":0,"niveauDentaire":0,"renfortHospi":null,"renfortMedecinesDouces":null,"gammeBean":null,"forfaitHospit":null},"clauseBeanList":null,"assurePrincipal":false,"sexeSouscription":"M","prenomNom":"Stefan ACHOR","dateNaissancePourMN":"2018-01-01","dateDebutActiviteMN":""}]
}
